Revenue_Month,Revenue
2017-03,958340.3012800008
2017-04,2052788.1595600082
2017-05,766990.5006800044
2017-06,963796.4639999964
2017-07,1026004.7599999945
2017-08,774130.9720000064
2017-09,1230439.171999989
2017-10,1271118.7480000013
2017-11,1417349.6359999978
2017-12,876302.6559999982
2018-01,1045831.3079999988
2018-02,1074545.0199999982
2018-03,1013101.5800000029
