Channel,Revenue_through_Channel
A,4122718.881249464
B,1664598.7732871852
C,383829.14687122375
D,93428.27877780885
E,745676.0859394579
F,39394.043735685205
G,3267168.566670225
H,2013851.9877654188
I,1345783.418425808
J,98756.78899750103
K,230284.21552425393
L,142735.21208639888
M,133824.42396679503
N,64196.10389489758
O,7222.898117018276
P,25028.021045380076
Q,1214.3341035208
R,33954.9228930888
S,45512.233456138
T,2242.0924734567643
U,3153.7460854176
V,1270.6383619967999
